# Defining compression dictionary content.
SET @dictionary_data = 'one' 'two' 'three' 'four';
# Creating a compression dictionary.
CREATE COMPRESSION_DICTIONARY numbers (@dictionary_data);
CREATE TABLE t1(
id INT,
a BLOB COLUMN_FORMAT COMPRESSED WITH COMPRESSION_DICTIONARY numbers
) ENGINE=InnoDB;
# Defining a JSON-formatted value which can be well compressed with the created dictionary.
SET @json_value =
'[\n'
  '  {\n'
  '    "one" = 0,\n'
  '    "two" = 0,\n'
  '    "three" = 0,\n'
  '    "four" = 0\n'
  '  },\n'
  '  {\n'
  '    "one" = 0,\n'
  '    "two" = 0,\n'
  '    "three" = 0,\n'
  '    "four" = 0\n'
  '  },\n'
  '  {\n'
  '    "one" = 0,\n'
  '    "two" = 0,\n'
  '    "three" = 0,\n'
  '    "four" = 0\n'
  '  },\n'
  '  {\n'
  '    "one" = 0,\n'
  '    "two" = 0,\n'
  '    "three" = 0,\n'
  '    "four" = 0\n'
  '  }\n'
  ']\n'
;
# Filling the table with some records.
INSERT INTO t1 VALUES(0, @json_value);
# Reading table data.
SELECT COUNT(*) = 1 AS number_of_rows_matches FROM t1 WHERE a = @json_value;
number_of_rows_matches
1
# Restarting with --innodb-read-only.
# Reading table data in read-only mode.
SET @json_value = '[
  {
    "one" = 0,
    "two" = 0,
    "three" = 0,
    "four" = 0
  },
  {
    "one" = 0,
    "two" = 0,
    "three" = 0,
    "four" = 0
  },
  {
    "one" = 0,
    "two" = 0,
    "three" = 0,
    "four" = 0
  },
  {
    "one" = 0,
    "two" = 0,
    "three" = 0,
    "four" = 0
  }
]
';
SELECT COUNT(*) = 1 AS number_of_rows_matches FROM t1 WHERE a = @json_value;
number_of_rows_matches
1
# Restarting woth default options.
# Cleaning up.
DROP TABLE t1;
DROP COMPRESSION_DICTIONARY numbers;
